District,Constituency,Expected Winning Party (By PPA on 11-11-25),Actual Winner (after results on 14-11-25),Expected Votes (By PPA on 11-11-25),Actual Votes (after results on 14-11-25),Vote Diff,Runner-Up (By PPA on 11-11-25),Actual Runner-Up (after results on 14-11-25),Runner-Up Votes (By PPA on 11-11-25),Actual Runner-Up Votes (after results on 14-11-25),Winning Margin (By PPA on 11-11-25),Actual Margin (after results on 14-11-25),Error Margin ±5000 proposed (By PPA on 11-11-25),After Adjustment actual diffence
Pashchim Champaran\nपश्चिम चंपारण,1 - VALMIKI NAGAR\nवाल्मीकि नगर,INC (MGB),INC (MGB),-,-,-,-,-,-,-,-,-,±5000,-
Pashchim Champaran\nपश्चिम चंपारण,2 - RAMNAGAR (SC)\nरामनगर (अ.जा.),BJP (NDA),BJP (NDA),87430,115214,27784,RJD (MGB),RJD (MGB),49086,79534,38344,35680,35680,0
Pashchim Champaran\nपश्चिम चंपारण,3 - NARKATIAGANJ\nनरकटियागंज,BJP (NDA),BJP (NDA),-,-,-,-,-,-,-,-,-,±5000,-
Pashchim Champaran\nपश्चिम चंपारण,4 - BAGAHA\nबगहा,BJP (NDA),BJP (NDA),101267,106875,5608,INC (MGB),INC (MGB),70889,100562,30378,6313,23378,-17065
Pashchim Champaran\nपश्चिम चंपारण,5 - LAURIYA\nलौरिया,BJP (NDA),BJP (NDA),-,-,-,-,-,-,-,-,-,±5000,-
Pashchim Champaran\nपश्चिम चंपारण,6 - NAUTAN\nनौतन,BJP (NDA),BJP (NDA),-,-,-,-,-,-,-,-,-,±5000,-
Pashchim Champaran\nपश्चिम चंपारण,7 - CHANPATIA\nचनपटिया,BJP (NDA),INC (MGB),-,-,-,-,-,-,-,-,-,±5000,-
Pashchim Champaran\nपश्चिम चंपारण,8 - BETTIAH\nबेतिया,BJP (NDA),BJP (NDA),98012,91907,-6105,INC (MGB),INC (MGB),44026,69534,53986,22373,46986,-24613
Pashchim Champaran\nपश्चिम चंपारण,9 - SIKTA\nसिकटा,JDU (NDA),JDU (NDA),78131,97173,19042,CPIML (MGB),INDEPENDENT,39065,50029,39066,47144,46066,1078
Purba Champaran\nपूर्वी चम्पारण,10 - RAXAUL\nरक्सौल,BJP (NDA),BJP (NDA),97971,106765,8794,INC (MGB),INC (MGB),57659,88887,40312,17878,33312,-15434
Purba Champaran\nपूर्वी चम्पारण,11 - SUGAULI\nसुगौली,LJP (NDA),LJP (NDA),84281,98875,14594,VIP,JJD,48594,40684,35687,58191,42687,15504
Purba Champaran\nपूर्वी चम्पारण,12 - NARKATIA\nनरकटिया,JDU (NDA),JDU (NDA),115204,104450,-10754,RJD (MGB),RJD (MGB),105310,103007,9894,1443,2894,-1451
Purba Champaran\nपूर्वी चम्पारण,13 - HARSIDHI (SC)\nहरसिद्धि (अ.जा.),BJP (NDA),BJP (NDA),-,-,-,-,-,-,-,-,-,±5000,-
Purba Champaran\nपूर्वी चम्पारण,14 - GOVINDGANJ\nगोविंदगंज,BJP (NDA),LJP/NDA (NDA),-,-,-,-,-,-,-,-,-,±5000,-
Purba Champaran\nपूर्वी चम्पारण,15 - KESARIA\nकेसरिया,JDU (NDA),JDU (NDA),-,-,-,-,-,-,-,-,-,±5000,-
Purba Champaran\nपूर्वी चम्पारण,16 - KALYANPUR\nकल्याणपुर,RJD (MGB),BJP (NDA),-,-,-,-,-,-,-,-,-,±5000,-
Purba Champaran\nपूर्वी चम्पारण,17 - PIPRA\nपिपरा,BJP (NDA),BJP (NDA),-,-,-,-,-,-,-,-,-,±5000,-
Purba Champaran\nपूर्वी चम्पारण,18 - MADHUBAN\nमधुबन,BJP (NDA),BJP (NDA),-,-,-,-,-,-,-,-,-,±5000,-
Purba Champaran\nपूर्वी चम्पारण,19 - MOTIHARI\nमोतिहारी,BJP (NDA),BJP (NDA),99672,106080,6408,RJD (MGB),RJD (MGB),91560,92517,8112,13563,13563,0
Purba Champaran\nपूर्वी चम्पारण,20 - CHIRAIA\nचिरैया,BJP (NDA),BJP (NDA),-,-,-,-,-,-,-,-,-,±5000,-
Purba Champaran\nपूर्वी चम्पारण,21 - DHAKA\nढाका,BJP (NDA),RJD (MGB),-,-,-,-,-,-,-,-,-,±5000,-
Sheohar\nशिवहर,22 - Sheohar\nशिवहर,JDU (NDA),JDU (NDA),89916,97269,7353,RJD (MGB),RJD (MGB),55834,65871,34082,31398,31398,0
Sitamarhi\nसीतामढ़ी,23 - RIGA\nरीगा,BJP (NDA),BJP (NDA),-,-,-,-,-,-,-,-,-,±5000,-
Sitamarhi\nसीतामढ़ी,24 - BATHNAHA (SC)\nबथनाहा (अ.जा.),BJP (NDA),BJP (NDA),-,-,-,-,-,-,-,-,-,±5000,-
Sitamarhi\nसीतामढ़ी,25 - PARIHAR\nपरीहार,BJP (NDA),BJP (NDA),-,-,-,-,-,-,-,-,-,±5000,-
Sitamarhi\nसीतामढ़ी,26 - SURSAND\nसुरसंड,JDU (NDA),JDU (NDA),-,-,-,-,-,-,-,-,-,±5000,-
Sitamarhi\nसीतामढ़ी,27 - BAJPATTI\nबाजपट्टी,RLM,RLM,97650,99144,1494,RJD (MGB),RJD (MGB),72059,99749,25591,3395,18591,-15196
Sitamarhi\nसीतामढ़ी,28 - Sitamarhi\nसीतामढ़ी,BJP (NDA),BJP (NDA),118418,104226,-14192,RJD (MGB),RJD (MGB),78945,98664,39473,5562,32473,-26911
Sitamarhi\nसीतामढ़ी,29 - RUNNISAIDPUR\nरुन्नीसैदपुर,JDU (NDA),JDU (NDA),-,-,-,-,-,-,-,-,-,±5000,-
Sitamarhi\nसीतामढ़ी,30 - BELSAND\nबेलसंड,LJP (NDA),LJP (NDA),86109,82076,-4033,RJD (MGB),RJD (MGB),52441,59391,33668,22685,26668,-3983
Madhubani\nमधुबनी,31 - HARLAKHI\nहरलाखी,JDU (NDA),JDU (NDA),-,-,-,-,-,-,-,-,-,±5000,-
Madhubani\nमधुबनी,32 - BENIPATTI\nबेनीपट्टी,BJP (NDA),BJP (NDA),87288,87153,-135,INC (MGB),INC (MGB),60556,63221,26732,23932,23932,0
Madhubani\nमधुबनी,33 - KHAJAULI\nखजौली,BJP (NDA),BJP (NDA),-,-,-,-,-,-,-,-,-,±5000,-
Madhubani\nमधुबनी,34 - BABUBARHI\nबाबूबरही,JDU (NDA),JDU (NDA),-,-,-,-,-,-,-,-,-,±5000,-
Madhubani\nमधुबनी,35 - BISFI\nबिस्फी,BJP (NDA),RJD (MGB),-,-,-,-,-,-,-,-,-,±5000,-
Madhubani\nमधुबनी,36 - Madhubani\nमधुबनी,RLM,RLM,87254,97956,10702,RJD (MGB),RJD (MGB),76347,77404,10907,20552,17907,2645
Madhubani\nमधुबनी,37 - RAJNAGAR (SC)\nराजनगर (अ.जा.),BJP (NDA),BJP (NDA),-,-,-,-,-,-,-,-,-,±5000,-
Madhubani\nमधुबनी,38 - JHANJHARPUR\nझंझारपुर,BJP (NDA),BJP (NDA),-,-,-,-,-,-,-,-,-,±5000,-
Madhubani\nमधुबनी,39 - PHULPARAS\nफुलपरास,JDU (NDA),JDU (NDA),-,-,-,-,-,-,-,-,-,±5000,-
Madhubani\nमधुबनी,40 - LAUKAHA\nलौकहा,RJD (MGB),JDU (NDA),-,-,-,-,-,-,-,-,-,±5000,-
Supaul\nसुपौल,41 - NIRMALI\nनिर्मली,JDU (NDA),JDU (NDA),-,-,-,-,-,-,-,-,-,±5000,-
Supaul\nसुपौल,42 - PIPRA\nपिपरा,JDU (NDA),JDU (NDA),-,-,-,-,-,-,-,-,-,±5000,-
Supaul\nसुपौल,43 - Supaul\nसुपौल,JDU (NDA),JDU (NDA),102834,109085,6251,INC (MGB),INC (MGB),85390,78282,17444,30803,24444,6359
Supaul\nसुपौल,44 - TRIVENIGANJ (SC)\nत्रिवेणीगंज (अ.जा.),JDU (NDA),JDU (NDA),-,-,-,-,-,-,-,-,-,±5000,-
Supaul\nसुपौल,45 - CHHATAPUR\nछातापुर,BJP (NDA),BJP (NDA),-,-,-,-,-,-,-,-,-,±5000,-
Araria\nअररिया,46 - NARPATGANJ\nनरपतगंज,BJP (NDA),BJP (NDA),-,-,-,-,-,-,-,-,-,±5000,-
Araria\nअररिया,47 - RANIGANJ (SC)\nरानीगंज (अ.जा.),JDU (NDA),RJD (MGB),-,-,-,-,-,-,-,-,-,±5000,-
Araria\nअररिया,48 - FORBESGANJ\nफोर्बेस्गंज,BJP (NDA),INC (MGB),-,-,-,-,-,-,-,-,-,±5000,-
Araria\nअररिया,49 - Araria\nअररिया,INC (MGB),INC (MGB),93314,91529,-1785,JDU (NDA),JDU (NDA),62908,78788,30406,12741,23406,-10665
Araria\nअररिया,50 - JOKIHAT\nजोकिहाट,AIMIM,AIMIM,-,-,-,-,-,-,-,-,-,±5000,-
Araria\nअररिया,51 - SIKTI\nसिकटी,BJP (NDA),BJP (NDA),-,-,-,-,-,-,-,-,-,±5000,-
Kishanganj\nकिशनगंज,52 - BAHADURGANJ\nबहादुरगंज,AIMIM,AIMIM,-,-,-,-,-,-,-,-,-,±5000,-
Kishanganj\nकिशनगंज,53 - THAKURGANJ\nठाकुरगंज,RJD (MGB),JDU (NDA),-,-,-,-,-,-,-,-,-,±5000,-
Kishanganj\nकिशनगंज,54 - Kishanganj\nकिशनगंज,BJP (NDA),INC (MGB),-,-,-,-,-,-,-,-,-,±5000,-
Kishanganj\nकिशनगंज,55 - KOCHADHAMAN\nकोचाधामन,AIMIM,AIMIM,-,-,-,-,-,-,-,-,-,±5000,-
Kishanganj\nकिशनगंज,56 - AMOUR\nअमौर,AIMIM,AIMIM,-,-,-,-,-,-,-,-,-,±5000,-
Kishanganj\nकिशनगंज,57 - BAISI\nबैसी,AIMIM,AIMIM,-,-,-,-,-,-,-,-,-,±5000,-
Kishanganj\nकिशनगंज,58 - KASBA\nकस्बा,LJP (NDA),LJP (NDA),86865,86877,12,INC (MGB),INC (MGB),71076,74002,15789,12875,12875,0
Purnia\nपूर्णिया,59 - BANMANKHI (SC)\nबनमनखी (अ.जा.),BJP (NDA),BJP (NDA),-,-,-,-,-,-,-,-,-,±5000,-
Purnia\nपूर्णिया,60 - RUPAULI\nरूपौली,JDU (NDA),JDU (NDA),-,-,-,-,-,-,-,-,-,±5000,-
Purnia\nपूर्णिया,61 - DHAMDAHA\nधमदाहा,JDU (NDA),JDU (NDA),-,-,-,-,-,-,-,-,-,±5000,-
Purnia\nपूर्णिया,62 - Purnia\nपूर्णिया,BJP (NDA),BJP (NDA),-,-,-,-,-,-,-,-,-,±5000,-
Katihar\nकटिहार,63 - Katihar\nकटिहार,BJP (NDA),BJP (NDA),-,-,-,-,-,-,-,-,-,±5000,-
Katihar\nकटिहार,64 - KADWA\nकदवा,INC (MGB),JDU (NDA),-,-,-,-,-,-,-,-,-,±5000,-
Katihar\nकटिहार,65 - BALRAMPUR\nबलरामपुर,CPIML (MGB),LJP (NDA),-,-,-,-,-,-,-,-,-,±5000,-
Katihar\nकटिहार,66 - PRANPUR\nप्राणपुर,BJP (NDA),BJP (NDA),-,-,-,-,-,-,-,-,-,±5000,-
Katihar\nकटिहार,67 - MANIHARI (ST)\nमनीहारी (ज.जा.),JDU (NDA),INC (MGB),-,-,-,-,-,-,-,-,-,±5000,-
Katihar\nकटिहार,68 - BARARI\nबरारी,JDU (NDA),JDU (NDA),-,-,-,-,-,-,-,-,-,±5000,-
Katihar\nकटिहार,69 - KORHA (SC)\nकोरहा (अ.जा.),BJP (NDA),BJP (NDA),-,-,-,-,-,-,-,-,-,±5000,-
Madhepura\nमधेपुरा,70 - ALAMNAGAR\nआलमनगर,JDU (NDA),JDU (NDA),-,-,-,-,-,-,-,-,-,±5000,-
Madhepura\nमधेपुरा,71 - BIHARIGANJ\nबिहारीगंज,JDU (NDA),JDU (NDA),-,-,-,-,-,-,-,-,-,±5000,-
Madhepura\nमधेपुरा,72 - SINGHESHWAR (SC)\nसिंगेश्वर (अ.जा.),JDU (NDA),JDU (NDA),110169,106416,-3753,RJD (MGB),RJD (MGB),99677,103434,10492,2982,3492,-510
Madhepura\nमधेपुरा,73 - Madhepura\nमधेपुरा,RJD (MGB),RJD (MGB),95414,108464,13050,JDU (NDA),JDU (NDA),57729,100655,42584,7809,35584,-27775
Saharsa\nसहरसा,74 - SONBARSHA (SC)\nसोनबर्षा (अ.जा.),JDU (NDA),JDU (NDA),-,-,-,-,-,-,-,-,-,±5000,-
Saharsa\nसहरसा,75 - Saharsa\nसहरसा,BJP (NDA),BJP (NDA),-,-,-,-,-,-,-,-,-,±5000,-
Saharsa\nसहरसा,76 - SIMRI BAKHTIARPUR\nसिमरी बख्तियारपुर,RJD (MGB),LJP (NDA),-,-,-,-,-,-,-,-,-,±5000,-
Saharsa\nसहरसा,77 - MAHISHI\nमहिषी,JDU (NDA),RJD (MGB),-,-,-,-,-,-,-,-,-,±5000,-
Saharsa\nसहरसा,78 - KUSHESHWAR ASTHAN (SC)\nकुशेश्वर स्थान(अ.जा.),JDU (NDA),JDU (NDA),-,-,-,-,-,-,-,-,-,±5000,-
Darbhanga\nदरभंगा,79 - GAURA BAURAM\nगौरा बौराम,VIP,BJP (NDA),-,-,-,-,-,-,-,-,-,±5000,-
Darbhanga\nदरभंगा,80 - BENIPUR\nबेनीपुर,JDU (NDA),JDU (NDA),-,-,-,-,-,-,-,-,-,±5000,-
Darbhanga\nदरभंगा,81 - ALINAGAR\nअलीनगर,RJD (MGB),BJP (NDA),-,-,-,-,-,-,-,-,-,±5000,-
Darbhanga\nदरभंगा,82 - DARBHANGA RURAL\nदरभंगा ग्रामीण,JDU (NDA),JDU (NDA),85701,80624,-5077,RJD (MGB),RJD (MGB),60191,62232,25510,18392,18392,0
Darbhanga\nदरभंगा,83 - Darbhanga\nदरभंगा,BJP (NDA),BJP (NDA),93723,97453,3730,VIP,VIP,69176,72806,24547,24593,24593,0
Darbhanga\nदरभंगा,84 - HAYAGHAT\nहयाघाट,JDU (NDA),BJP/NDA (NDA),-,-,-,-,-,-,-,-,-,±5000,-
Darbhanga\nदरभंगा,85 - BAHADURPUR\nबहादुरपुर,BJP (NDA),JDU/NDA (NDA),-,-,-,-,-,-,-,-,-,±5000,-
Darbhanga\nदरभंगा,86 - KEOTI\nकेवटी,BJP (NDA),BJP (NDA),-,-,-,-,-,-,-,-,-,±5000,-
Darbhanga\nदरभंगा,87 - JALE\nजाले,BJP (NDA),BJP (NDA),98401,100496,2095,INC (MGB),INC (MGB),54342,78634,44059,21862,37059,-15197
Muzaffarpur\nमुजफ्फरपुर,88 - GAIGHAT\nगायघाट,JDU (NDA),JDU (NDA),80755,108104,27349,RJD (MGB),RJD (MGB),75101,84687,5654,23417,12654,10763
Muzaffarpur\nमुजफ्फरपुर,89 - AURAI\nऔराई,BJP (NDA),BJP (NDA),-,-,-,-,-,-,-,-,-,±5000,-
Muzaffarpur\nमुजफ्फरपुर,90 - MINAPUR\nमीनापुर,RJD (MGB),JDU (NDA),-,-,-,-,-,-,-,-,-,±5000,-
Muzaffarpur\nमुजफ्फरपुर,91 - BOCHAHA (SC)\nबोचहां (अ.जा.),LJP (NDA),LJP (NDA),90923,108186,17263,RJD (MGB),RJD (MGB),84228,87870,6695,20316,13695,6621
Muzaffarpur\nमुजफ्फरपुर,92 - SAKRA (SC)\nसकरा (अ.जा.),JDU (NDA),JDU (NDA),-,-,-,-,-,-,-,-,-,±5000,-
Muzaffarpur\nमुजफ्फरपुर,93 - KURHANI\nकुरहनी,BJP (NDA),BJP (NDA),-,-,-,-,-,-,-,-,-,±5000,-
Muzaffarpur\nमुजफ्फरपुर,94 - Muzaffarpur\nमुजफ्फरपुर,BJP (NDA),BJP (NDA),92553,100477,7924,INC (MGB),INC (MGB),60149,67820,32404,32657,32657,0
Muzaffarpur\nमुजफ्फरपुर,95 - KANTI\nकांति,RJD (MGB),JDU (NDA),-,-,-,-,-,-,-,-,-,±5000,-
Muzaffarpur\nमुजफ्फरपुर,96 - BARURAJ\nबरुराज,BJP (NDA),BJP (NDA),-,-,-,-,-,-,-,-,-,±5000,-
Muzaffarpur\nमुजफ्फरपुर,97 - PAROO\nपरू,RLM,RJD (MGB),-,-,-,-,-,-,-,-,-,±5000,-
Muzaffarpur\nमुजफ्फरपुर,98 - SAHEBGANJ\nसाहेबगंज,BJP (NDA),BJP (NDA),-,-,-,-,-,-,-,-,-,±5000,-
Gopalganj\nगोपालगंज,99 - BAIKUNTHPUR\nबैकुंठपुर,RJD (MGB),BJP (NDA),-,-,-,-,-,-,-,-,-,±5000,-
Gopalganj\nगोपालगंज,100 - BARAULI\nबरौली,BJP (NDA),JDU/NDA (NDA),-,-,-,-,-,-,-,-,-,±5000,-
Gopalganj\nगोपालगंज,101 - Gopalganj\nगोपालगंज,BJP (NDA),BJP (NDA),-,-,-,-,-,-,-,-,-,±5000,-
Gopalganj\nगोपालगंज,102 - KUCHAIKOTE\nकुचायकोटे,JDU (NDA),JDU (NDA),-,-,-,-,-,-,-,-,-,±5000,-
Gopalganj\nगोपालगंज,103 - BHOREY (SC)\nभोरे (अ.जा.),JDU (NDA),JDU (NDA),-,-,-,-,-,-,-,-,-,±5000,-
Gopalganj\nगोपालगंज,104 - HATHUA\nहथुआ,JDU (NDA),JDU (NDA),-,-,-,-,-,-,-,-,-,±5000,-
Siwan\nसिवान,105 - Siwan\nसिवान,BJP (NDA),BJP (NDA),85525,92379,6854,RJD (MGB),RJD (MGB),66899,83009,18626,9370,11626,-2256
Siwan\nसिवान,106 - ZIRADEI\nज़िरादेई,JDU (NDA),JDU (NDA),62179,66227,4048,CPIML (MGB),CPIML (MGB),48362,63601,13817,2626,6817,-4191
Siwan\nसिवान,107 - DARAULI (SC)\nदरौली (अ.जा.),LJP (NDA),LJP (NDA),81065,83014,1949,CPIML (MGB),CPIML (MGB),55465,73442,25600,9572,18600,-9028
Siwan\nसिवान,108 - RAGHUNATHPUR\nरघुनाथपुर,JDU (NDA),RJD (MGB),-,-,-,-,-,-,-,-,-,±5000,-
Siwan\nसिवान,109 - DARAUNDHA\nदरौंधा,BJP (NDA),BJP (NDA),-,-,-,-,-,-,-,-,-,±5000,-
Siwan\nसिवान,110 - BARHARIA\nबड़हरिया,RJD (MGB),JDU (NDA),-,-,-,-,-,-,-,-,-,±5000,-
Siwan\nसिवान,111 - GORIAKOTHI\nगोरियाकोठी,BJP (NDA),BJP (NDA),-,-,-,-,-,-,-,-,-,±5000,-
Siwan\nसिवान,112 - MAHARAJGANJ\nमहराजगंज,JDU (NDA),JDU (NDA),74408,86813,12405,RJD (MGB),RJD (MGB),61490,65714,25733,21099,21099,0
Saran (chhapra)\nसारण (छपरा),113 - EKMA\nएकमा,RJD (MGB),JDU (NDA),-,-,-,-,-,-,-,-,-,±5000,-
Saran (chhapra)\nसारण (छपरा),114 - MANJHI\nमांझी,CPIM (MGB),JDU (NDA),-,-,-,-,-,-,-,-,-,±5000,-
Saran (chhapra)\nसारण (छपरा),115 - BANIAPUR\nबनियापुर,BJP (NDA),BJP (NDA),89823,95606,5783,RJD (MGB),RJD (MGB),83587,80170,6236,15436,13236,2200
Saran (chhapra)\nसारण (छपरा),116 - TARAIYA\nतरैया,BJP (NDA),BJP (NDA),-,-,-,-,-,-,-,-,-,±5000,-
Saran (chhapra)\nसारण (छपरा),117 - MARHAURA\nमरहौरा,RJD (MGB),RJD (MGB),-,-,-,-,-,-,-,-,-,±5000,-
Saran (chhapra)\nसारण (छपरा),118 - CHAPRA\nछपरा,BJP (NDA),BJP (NDA),-,-,-,-,-,-,-,-,-,±5000,-
Saran (chhapra)\nसारण (छपरा),119 - GARKHA (SC)\nगरखा (अ.जा.),RJD (MGB),RJD (MGB),88730,91134,2404,LJP (NDA),RJD (MGB),79127,78330,9603,12804,12804,0
Saran (chhapra)\nसारण (छपरा),120 - AMNOUR\nअमनौर,BJP (NDA),BJP (NDA),-,-,-,-,-,-,-,-,-,±5000,-
Saran (chhapra)\nसारण (छपरा),121 - PARSA\nपरसा,RJD (MGB),RJD (MGB),98542,89093,-9449,JDU (NDA),JDU (NDA),78681,63321,19861,25772,25772,0
Saran (chhapra)\nसारण (छपरा),122 - SONEPUR\nसोनेपुर,BJP (NDA),BJP (NDA),81789,90842,9053,RJD (MGB),RJD (MGB),65431,86075,16358,4767,9358,-4591
Vaishali\nवैशाली,123 - HAJIPUR\nहाजीपुर,BJP (NDA),BJP (NDA),-,-,-,-,-,-,-,-,-,±5000,-
Vaishali\nवैशाली,124 - LALGANJ\nलालगंज,BJP (NDA),BJP (NDA),-,-,-,-,-,-,-,-,-,±5000,-
Vaishali\nवैशाली,125 - Vaishali\nवैशाली,JDU (NDA),JDU (NDA),-,-,-,-,-,-,-,-,-,±5000,-
Vaishali\nवैशाली,126 - MAHUA\nमहुआ,JJD,LJP (NDA),-,-,-,-,-,-,-,-,-,±5000,-
Vaishali\nवैशाली,127 - RAJA PAKAR (SC)\nराजा पाकर (अ.जा.),INC (MGB),JDU (NDA),-,-,-,-,-,-,-,-,-,±5000,-
Vaishali\nवैशाली,128 - RAGHOPUR\nराघोपुर,RJD (MGB),RJD (MGB),-,-,-,-,-,-,-,-,-,±5000,-
Vaishali\nवैशाली,129 - MAHNAR\nमहनार,RJD (MGB),JDU (NDA),-,-,-,-,-,-,-,-,-,±5000,-
Vaishali\nवैशाली,130 - PATEPUR (SC)\nपातेपुर (अ.जा.),BJP (NDA),BJP (NDA),-,-,-,-,-,-,-,-,-,±5000,-
Samastipur\nसमस्तीपुर,131 - KALYANPUR (SC)\nकल्याणपुर (अ.जा.),JDU (NDA),JDU (NDA),-,-,-,-,-,-,-,-,-,±5000,-
Samastipur\nसमस्तीपुर,132 - WARISNAGAR\nवारिसनगर,JDU (NDA),JDU (NDA),81207,108968,27761,CPIML (MGB),CPIML (MGB),69606,74532,11601,34436,18601,15835
Samastipur\nसमस्तीपुर,133 - Samastipur\nसमस्तीपुर,RJD (MGB),JDU (NDA),-,-,-,-,-,-,-,-,-,±5000,-
Samastipur\nसमस्तीपुर,134 - UJIARPUR\nउजियारपुर,RJD (MGB),RJD (MGB),-,-,-,-,-,-,-,-,-,±5000,-
Samastipur\nसमस्तीपुर,135 - MORWA\nमोरवा,RJD (MGB),RJD (MGB),75092,77770,2678,JDU (NDA),JDU (NDA),62537,69099,12555,8671,8671,0
Samastipur\nसमस्तीपुर,136 - SARAIRANJAN\nसरायरंजन,JDU (NDA),JDU (NDA),92596,102792,10196,RJD (MGB),RJD (MGB),70947,81994,21649,20798,20798,0
Samastipur\nसमस्तीपुर,137 - MOHIUDDINNAGAR\nमोहिउद्दीननगर,BJP (NDA),BJP (NDA),83971,89208,5237,RJD (MGB),RJD (MGB),61363,77526,22608,11682,15608,-3926
Samastipur\nसमस्तीपुर,138 - BIBHUTIPUR\nबिभूतिपुर,JDU (NDA),CPI(M),-,-,-,-,-,-,-,-,-,±5000,-
Samastipur\nसमस्तीपुर,139 - ROSERA (SC)\nरोसेरा (अ.जा.),BJP (NDA),BJP (NDA),-,-,-,-,-,-,-,-,-,±5000,-
Samastipur\nसमस्तीपुर,140 - HASANPUR\nहसनपुर,RJD (MGB),JDU (NDA),-,-,-,-,-,-,-,-,-,±5000,-
Begusarai\nबेगूसराय,141 - CHERIA BARIARPUR\nचेरिया बरियारपुर,RJD (MGB),JDU (NDA),-,-,-,-,-,-,-,-,-,±5000,-
Begusarai\nबेगूसराय,142 - BACHHWARA\nबछवाड़ा,BJP (NDA),BJP (NDA),79786,100343,20557,INC (MGB),INC (MGB),54205,84502,25581,15841,18581,-2740
Begusarai\nबेगूसराय,143 - TEGHRA\nतेघरा,BJP (NDA),BJP (NDA),101961,112770,10809,CPI,CPI,48965,77406,55996,35364,48996,-13632
Begusarai\nबेगूसराय,144 - MATIHANI\nमटिहानी,JDU (NDA),RJD (MGB),-,-,-,-,-,-,-,-,-,±5000,-
Begusarai\nबेगूसराय,145 - SAHEBPUR KAMAL\nसाहेबपुर कमाल,LJP (NDA),RJD (MGB),-,-,-,-,-,-,-,-,-,±5000,-
Begusarai\nबेगूसराय,146 - Begusarai\nबेगूसराय,BJP (NDA),BJP (NDA),96118,119506,23388,INC (MGB),INC (MGB),72432,88874,23686,30632,30632,0
Begusarai\nबेगूसराय,147 - BAKHRI (SC)\nबखरी (अ.जा.),LJP (NDA),LJP (NDA),89350,98511,9161,CPI,CPI,58940,81193,30410,17318,23410,-6092
Khagaria\nखगरिया,148 - ALAULI (SC)\nअलौली (अ.जा.),RJD (MGB),JDU (NDA),-,-,-,-,-,-,-,-,-,±5000,-
Khagaria\nखगरिया,149 - Khagaria\nखगरिया,JDU (NDA),JDU (NDA),-,-,-,-,-,-,-,-,-,±5000,-
Khagaria\nखगरिया,150 - BELDAUR\nबेलदौर,JDU (NDA),JDU (NDA),-,-,-,-,-,-,-,-,-,±5000,-
Khagaria\nखगरिया,151 - PARBATTA\nपरबत्ता,LJP (NDA),LJP (NDA),-,-,-,-,-,-,-,-,-,±5000,-
Bhagalpur\nभागलपुर,152 - BIHPUR\nबिहपुर,BJP (NDA),BJP (NDA),-,-,-,-,-,-,-,-,-,±5000,-
Bhagalpur\nभागलपुर,153 - GOPALPUR\nगोपालपुर,JDU (NDA),JDU (NDA),-,-,-,-,-,-,-,-,-,±5000,-
Bhagalpur\nभागलपुर,154 - PIRPAINTI (SC)\nपीरपैंती (अ.जा.),BJP (NDA),BJP (NDA),-,-,-,-,-,-,-,-,-,±5000,-
Bhagalpur\nभागलपुर,155 - KAHALGAON\nकहलगांव,JDU (NDA),JDU (NDA),-,-,-,-,-,-,-,-,-,±5000,-
Bhagalpur\nभागलपुर,156 - Bhagalpur\nभागलपुर,BJP (NDA),BJP (NDA),95673,100770,5097,INC (MGB),INC (MGB),63782,87296,31891,13474,24891,-11417
Bhagalpur\nभागलपुर,157 - SULTANGANJ\nसुल्तानगंज,JDU (NDA),JDU (NDA),-,-,-,-,-,-,-,-,-,±5000,-
Bhagalpur\nभागलपुर,158 - NATHNAGAR\nनाथनगर,RJD (MGB),LJP (NDA),-,-,-,-,-,-,-,-,-,±5000,-
Banka\nबांका,159 - AMARPUR\nअमरपुर,JDU (NDA),JDU (NDA),-,-,-,-,-,-,-,-,-,±5000,-
Banka\nबांका,160 - DHAURAIYA (SC)\nधौरैया (अ.जा.),RJD (MGB),JDU (NDA),-,-,-,-,-,-,-,-,-,±5000,-
Banka\nबांका,161 - Banka\nबांका,BJP (NDA),BJP (NDA),-,-,-,-,-,-,-,-,-,±5000,-
Banka\nबांका,162 - KATORIA (ST)\nकटोरिया प्रखण्ड (ज.जा.),BJP (NDA),BJP (NDA),-,-,-,-,-,-,-,-,-,±5000,-
Banka\nबांका,163 - BELHAR\nबेलहर,JDU (NDA),JDU (NDA),-,-,-,-,-,-,-,-,-,±5000,-
Munger\nमुंगेर,164 - TARAPUR\nतारापुर,BJP (NDA),BJP (NDA),-,-,-,-,-,-,-,-,-,±5000,-
Munger\nमुंगेर,165 - Munger\nमुंगेर,BJP (NDA),BJP (NDA),75092,108028,32936,RJD (MGB),RJD (MGB),50061,89278,25031,18750,18031,719
Munger\nमुंगेर,166 - JAMALPUR\nजमालपुर,JDU (NDA),JDU (NDA),-,-,-,-,-,-,-,-,-,±5000,-
Lakhisarai\nलखीसराय,167 - SURYAGARHA\nसूर्यगढ़,RJD (MGB),JDU (NDA),-,-,-,-,-,-,-,-,-,±5000,-
Lakhisarai\nलखीसराय,168 - Lakhisarai\nलखीसराय,BJP (NDA),BJP (NDA),-,-,-,-,-,-,-,-,-,±5000,-
Sheikhpura\nशेखपुरा,169 - Sheikhpura\nशेखपुरा,RJD (MGB),JDU (NDA),-,-,-,-,-,-,-,-,-,±5000,-
Sheikhpura\nशेखपुरा,170 - BARBIGHA\nबरबीघा,JDU (NDA),JDU (NDA),-,-,-,-,-,-,-,-,-,±5000,-
Nalanda\nनालंदा,171 - ASTHAWAN\nअस्थावां,JDU (NDA),JDU (NDA),-,-,-,-,-,-,-,-,-,±5000,-
Nalanda\nनालंदा,172 - BIHARSHARIF\nबिहारशरीफ,BJP (NDA),BJP (NDA),-,-,-,-,-,-,-,-,-,±5000,-
Nalanda\nनालंदा,173 - RAJGIR (SC)\nराजगीर (अ.जा.),JDU (NDA),JDU (NDA),-,-,-,-,-,-,-,-,-,±5000,-
Nalanda\nनालंदा,174 - ISLAMPUR\nइस्लामपुर,RJD (MGB),JDU (NDA),-,-,-,-,-,-,-,-,-,±5000,-
Nalanda\nनालंदा,175 - HILSA\nहिलसा,JDU (NDA),JDU (NDA),-,-,-,-,-,-,-,-,-,±5000,-
Nalanda\nनालंदा,176 - Nalanda\nनालंदा,JDU (NDA),JDU (NDA),-,-,-,-,-,-,-,-,-,±5000,-
Nalanda\nनालंदा,177 - HARNAUT\nहरनौत,JDU (NDA),JDU (NDA),-,-,-,-,-,-,-,-,-,±5000,-
Nalanda\nनालंदा,178 - MOKAMA\nमोकामा,RJD (MGB),JDU (NDA),-,-,-,-,-,-,-,-,-,±5000,-
Patna\nपटना,179 - BARH\nबाढ,BJP (NDA),BJP (NDA),-,-,-,-,-,-,-,-,-,±5000,-
Patna\nपटना,180 - BAKHTIARPUR\nबख्तियारपुर,LJP (NDA),LJP (NDA),90870,88520,-2350,RJD (MGB),RJD (MGB),65584,87539,25286,981,18286,-17305
Patna\nपटना,181 - DIGHA\nदीघा,BJP (NDA),BJP (NDA),-,-,-,-,-,-,-,-,-,±5000,-
Patna\nपटना,182 - BANKIPUR\nबांकीपुर,BJP (NDA),BJP (NDA),-,-,-,-,-,-,-,-,-,±5000,-
Patna\nपटना,183 - KUMHRAR\nकुम्हरार,BJP (NDA),BJP (NDA),92905,100485,7580,INC (MGB),INC (MGB),56093,52961,23727,47524,30727,16797
Patna\nपटना,184 - PATNA SAHIB\nपटना साहिब,BJP (NDA),BJP (NDA),-,-,-,-,-,-,-,-,-,±5000,-
Patna\nपटना,185 - FATUHA\nफतुहा,LJP (NDA),RJD (MGB),-,-,-,-,-,-,-,-,-,±5000,-
Patna\nपटना,186 - DANAPUR\nदानापुर,RJD (MGB),BJP (NDA),-,-,-,-,-,-,-,-,-,±5000,-
Patna\nपटना,187 - MANER\nमनेर,RJD (MGB),RJD (MGB),102962,110798,7836,LJP (NDA),LJP (NDA),85056,90764,17906,20034,20034,0
Patna\nपटना,188 - PHULWARI (SC)\nफुलवारी (अ.जा.),CPIML (MGB),JDU (NDA),-,-,-,-,-,-,-,-,-,±5000,-
Patna\nपटना,189 - MASAURHI (SC)\nमसौर्ही (अ.जा.),JDU (NDA),JDU (NDA),116165,106505,-9660,RJD (MGB),RJD (MGB),60466,98862,55699,7643,48699,-41056
Patna\nपटना,190 - PALIGANJ\nपालीगंज,CPIML (MGB),CPIML (MGB),-,-,-,-,-,-,-,-,-,±5000,-
Patna\nपटना,191 - BIKRAM\nबिक्रम,BJP (NDA),BJP (NDA),119503,101189,-18314,INC (MGB),INC (MGB),69668,95588,49835,5601,42835,-37234
Bhojpur\nभोजपुर,192 - SANDESH\nसंदेश,JDU (NDA),JDU (NDA),86741,80598,-6143,RJD (MGB),RJD (MGB),69153,80571,17588,27,10588,-10561
Bhojpur\nभोजपुर,193 - BARHARA\nबरहरा,BJP (NDA),BJP (NDA),-,-,-,-,-,-,-,-,-,±5000,-
Bhojpur\nभोजपुर,194 - ARRAH\nआरा,BJP (NDA),BJP (NDA),-,-,-,-,-,-,-,-,-,±5000,-
Bhojpur\nभोजपुर,195 - AGIAON (SC)\nअगिआंव (अ.जा.),BJP (NDA),BJP (NDA),66690,69412,2722,CPIML (MGB),CPIML (MGB),50684,69317,16006,95,9006,-8911
Bhojpur\nभोजपुर,196 - TARARI\nतरारी,BJP (NDA),BJP (NDA),-,-,-,-,-,-,-,-,-,±5000,-
Bhojpur\nभोजपुर,197 - JAGDISHPUR\nजगदीशपुर,JDU (NDA),JDU (NDA),-,-,-,-,-,-,-,-,-,±5000,-
Bhojpur\nभोजपुर,198 - SHAHPUR\nशाहपुर,BJP (NDA),BJP (NDA),-,-,-,-,-,-,-,-,-,±5000,-
Buxar\nबक्सर,199 - BRAHAMPUR\nब्रहमपुर,RJD (MGB),RJD (MGB),94096,95828,1732,LJP (NDA),LJP (NDA),72520,92608,21576,3220,14576,-11356
Buxar\nबक्सर,200 - Buxar\nबक्सर,INC (MGB),BJP (NDA),-,-,-,-,-,-,-,-,-,±5000,-
Buxar\nबक्सर,201 - DUMRAON\nडुमरांव,JDU (NDA),JDU (NDA),99381,79411,-19970,CPIML (MGB),CPIML (MGB),70035,77306,29346,2105,22346,-20241
Buxar\nबक्सर,202 - RAJPUR (SC)\nराजपुर (अ.जा.),JDU (NDA),JDU (NDA),82029,80701,-1328,INC (MGB),INC (MGB),58285,71565,33744,9136,26744,-17608
Kaimur (bhabua)\nकैमूर (भभुआ),203 - RAMGARH\nरामगढ,BJP (NDA),BSP,-,-,-,-,-,-,-,-,-,±5000,-
Kaimur (bhabua)\nकैमूर (भभुआ),204 - MOHANIA (SC)\nमोहनिया (अ.जा.),RJD (MGB),BJP (NDA),-,-,-,-,-,-,-,-,-,±5000,-
Kaimur (bhabua)\nकैमूर (भभुआ),205 - BHABUA\nभभुआ,RJD (MGB),BJP (NDA),-,-,-,-,-,-,-,-,-,±5000,-
Kaimur (bhabua)\nकैमूर (भभुआ),206 - CHAINPUR\nचैनपुर,OTHERS,JDU (NDA),-,-,-,-,-,-,-,-,-,±5000,-
Rohtas\nरोहतास,207 - CHENARI (SC)\nचेनारी (अ.जा.),LJP (NDA),LJP (NDA),82677,95579,12902,INC (MGB),INC (MGB),62072,73591,20605,21988,21988,0
Rohtas\nरोहतास,208 - SASARAM\nसासाराम,RLM,RLM,79097,105006,25909,RJD (MGB),RJD (MGB),72769,79563,6328,25443,13328,12115
Rohtas\nरोहतास,209 - KARGAHAR\nकरगहर,JDU (NDA),JDU (NDA),79230,92485,13255,INC (MGB),BSP,49165,56809,21965,35676,28965,6711
Rohtas\nरोहतास,210 - DINARA\nदिनारा,RLM,RLM,67846,78338,10492,RJD (MGB),RJD (MGB),56615,67504,11231,10834,10834,0
Rohtas\nरोहतास,211 - NOKHA\nनोखा,JDU (NDA),JDU (NDA),71127,93193,22066,RJD (MGB),RJD (MGB),55608,69139,15519,24054,22519,1535
Rohtas\nरोहतास,212 - DEHRI\nडेहरी,RJD (MGB),LJP (NDA),-,-,-,-,-,-,-,-,-,±5000,0
Rohtas\nरोहतास,213 - KARAKAT\nकाराकाट,JDU (NDA),CPIML (MGB),-,-,-,-,-,-,-,-,-,±5000,0
Arwal\nअरवल,214 - Arwal\nअरवल,CPIML (MGB),BJP (NDA),-,-,-,-,-,-,-,-,-,±5000,0
Arwal\nअरवल,215 - KURTHA\nकुर्था,RJD (MGB),JDU (NDA),-,-,-,-,-,-,-,-,-,±5000,0
Jehanabad\nजहानाबाद,216 - JEHANABAD\nजहानाबाद,JDU (NDA),RJD (MGB),-,-,-,-,-,-,-,-,-,±5000,0
Jehanabad\nजहानाबाद,217 - GHOSI\nघोसी,JDU (NDA),JDU (NDA),81010,80740,-270,CPIML (MGB),CPIML (MGB),60587,68811,20423,11929,13423,-1494
Jehanabad\nजहानाबाद,218 - MAKHDUMPUR (SC)\nमखदमूपुर (अ.जा.),LJP (NDA),RJD (MGB),-,-,-,-,-,-,-,-,-,±5000,0
Aurangabad\nऔरंगाबाद,219 - GOH\nगोह,BJP (NDA),RJD (MGB),-,-,-,-,-,-,-,-,-,±5000,0
Aurangabad\nऔरंगाबाद,220 - OBRA\nओबरा,LJP (NDA),LJP (NDA),81329,91638,10309,RJD (MGB),RJD (MGB),72768,79625,8561,12013,12013,0
Aurangabad\nऔरंगाबाद,221 - NABINAGAR\nनबीनगर,JDU (NDA),JDU (NDA),83733,80380,-3353,RJD (MGB),RJD (MGB),71328,80268,12405,112,5405,-5293
Aurangabad\nऔरंगाबाद,222 - KUTUMBA (SC)\nकुटुम्ब (अ.जा.),HAMS,HAMS,74819,84727,9908,INC (MGB),INC (MGB),53612,63202,21207,21525,21525,0
Aurangabad\nऔरंगाबाद,223 - Aurangabad\nऔरंगाबाद,BJP (NDA),BJP (NDA),-,-,-,-,-,-,-,-,-,±5000,0
Aurangabad\nऔरंगाबाद,224 - RAFIGANJ\nरफीगंज,RJD (MGB),JDU (NDA),-,-,-,-,-,-,-,-,-,±5000,0
Gaya\nगया,225 - GURUA\nगुरुआ,BJP (NDA),BJP (NDA),84309,99758,15449,RJD (MGB),RJD (MGB),78497,75564,5812,24194,12812,11382
Gaya\nगया,226 - SHERGHATI\nशेरघाटी,LJP (NDA),LJP (NDA),74460,77270,2810,RJD (MGB),RJD (MGB),66704,63746,7756,13524,13524,0
Gaya\nगया,227 - IMAMGANJ (SC)\nइमामगंज (अ.जा.),HAMS,HAMS,-,-,-,-,-,-,-,-,-,±5000,0
Gaya\nगया,228 - BARACHATTI (SC)\nबराचट्टी (अ.जा.),HAMS,HAMS,-,-,-,-,-,-,-,-,-,±5000,0
Gaya\nगया,229 - BODH GAYA (SC)\nबोध गया (अ.जा.),LJP (NDA),RJD (MGB),-,-,-,-,-,-,-,-,-,±5000,0
Gaya\nगया,230 - GAYA TOWN\nगया शहर,BJP (NDA),BJP (NDA),88058,90878,2820,INC (MGB),INC (MGB),64668,64455,23390,26423,26423,0
Gaya\nगया,231 - TIKARI\nटिकारी,HAMS,RJD (MGB),-,-,-,-,-,-,-,-,-,±5000,0
Gaya\nगया,232 - BELAGANJ\nबेलागंज,JDU (NDA),JDU (NDA),-,-,-,-,-,-,-,-,-,±5000,0
Gaya\nगया,233 - ATRI\nअत्री,HAMS,HAMS,87244,102102,14858,RJD (MGB),RJD (MGB),63450,76325,23794,25777,25777,0
Gaya\nगया,234 - WAZIRGANJ\nवजीरगंज,BJP (NDA),BJP (NDA),-,-,-,-,-,-,-,-,-,±5000,-
Nawada\nनवादा,235 - RAJAULI (SC)\nराजौली (अ.जा.),RJD (MGB),LJP (NDA),88873,90272,1399,LJP (NDA),RJD (MGB),63370,86319,25503,3953,18503,-14550
Nawada\nनवादा,236 - HISUA\nहिसुआ,BJP (NDA),BJP (NDA),106028,95885,-10143,INC (MGB),INC (MGB),73758,68036,32270,27849,27849,0
Nawada\nनवादा,237 - Nawada\nनवादा,JDU (NDA),JDU (NDA),108530,87423,-21107,RJD (MGB),RJD (MGB),76609,59829,31921,27594,27594,0
Nawada\nनवादा,238 - GOBINDPUR\nगोविंदपुर,LJP (NDA),LJP (NDA),94953,72581,-22372,RJD (MGB),RJD (MGB),50641,49675,44312,22906,37312,-14406
Nawada\nनवादा,239 - WARSALIGANJ\nवारसालीगंज,BJP (NDA),RJD (MGB),-,-,-,-,-,-,-,-,-,±5000,-
Jamui\nजमुई,240 - SIKANDRA (SC)\nसिकंदरा (अ.जा.),HAMS,HAMS,62602,91603,29001,RJD (MGB),RJD (MGB),45067,67696,17535,23907,23907,0
Jamui\nजमुई,241 - Jamui\nजमुई,BJP (NDA),BJP (NDA),-,-,-,-,-,-,-,-,-,±5000,-
Jamui\nजमुई,242 - JHAJHA\nझाझा,RJD (MGB),JDU (NDA),-,-,-,-,-,-,-,-,-,±5000,-
Jamui\nजमुई,243 - CHAKAI\nचकाई,RJD (MGB),RJD (MGB),-,-,-,-,-,-,-,-,-,±5000,-